,count,mean,std,min,25%,50%,75%,max,range
avg_iris_rel_face_x_norm,500.0,0.004938143032084995,0.014793391318385354,-0.030466430960977592,-0.006591563517438864,0.004664760416015434,0.017471835315531082,0.03805724704856505,0.06852367800954265
avg_iris_rel_face_y_norm,500.0,-0.16730115658362685,0.0034819269922290574,-0.17443276688913964,-0.1700209399358936,-0.16761666211664877,-0.16470126733597706,-0.15250840179577382,0.021924365093365816
