,count,mean,std,min,25%,50%,75%,max,range
avg_iris_rel_face_x_norm,500.0,0.002525007616081507,0.02248418137416242,-0.0945256842322042,-0.007914886824462885,0.00480499181538422,0.016200190856242296,0.07474791185821926,0.16927359609042347
avg_iris_rel_face_y_norm,500.0,-0.169577259353788,0.00803729307132677,-0.18701763860287765,-0.17498561282389224,-0.17027637351503272,-0.1648227487903348,-0.14747795081298293,0.03953968778989472
