,count,mean,std,min,25%,50%,75%,max,range
leftdx,500.0,0.4582274326682091,0.0544993565154696,0.3242647349834442,0.42785927653312683,0.45880039036273956,0.48678300529718393,0.5952452421188354,0.27098050713539124
leftdy,500.0,0.49474691921472547,0.041620301201602664,0.4243073463439941,0.4724573120474815,0.48911556601524353,0.5060055404901505,0.6263088583946228,0.20200151205062872
rightdx,500.0,0.5635533369779587,0.05285490257458462,0.4244436621665954,0.544131264090538,0.5714104175567627,0.5912299603223801,0.6795939207077026,0.25515025854110723
rightdy,500.0,0.4987714461088181,0.04075645812310137,0.4294184744358063,0.4743442758917808,0.4909610897302627,0.5128694474697113,0.6301230192184448,0.20070454478263855
