,count,mean,std,min,25%,50%,75%,max,range
avg_iris_rel_face_x_norm,500.0,0.002525007616081507,0.02248418137416242,-0.0945256842322042,-0.007914886824462885,0.00480499181538422,0.016200190856242296,0.07474791185821926,0.16927359609042347
avg_iris_rel_face_y_norm,500.0,-0.169577259353788,0.00803729307132677,-0.18701763860287765,-0.17498561282389224,-0.17027637351503272,-0.1648227487903348,-0.14747795081298293,0.03953968778989472
face_yaw,500.0,-0.018253005981186975,0.27441370351247624,-0.7230581066779296,-0.0312587515791568,0.00212643149293855,0.0476267124989741,0.5571031948670905,1.2801613015450202
face_pitch,500.0,0.033664922800032276,0.06096191094099577,-0.0896404375288628,0.011062198706138076,0.0311032600890843,0.04892944096279048,0.1934801636122541,0.2831206011411169
face_roll,500.0,0.06214531619583461,0.05694347786264094,0.0003100472854496,0.020854465313180276,0.04636319986535055,0.08401626626262833,0.3757924164150319,0.3754823691295823
yaw_avg_iris_x_interaction,500.0,0.0047585069492851705,0.009060098180527257,-0.0035581118903535666,5.9109819863891035e-06,0.00027097784052740266,0.006527455139937683,0.06546597893496651,0.06902409082532009
pitch_avg_iris_y_interaction,500.0,-0.005268608049869579,0.00997155530303619,-0.030253559755250424,-0.008276169420689495,-0.00536606709376468,-0.0019318717377531625,0.01627806842131953,0.04653162817656996
roll_avg_iris_x_interaction,500.0,0.0005112937882434391,0.00289741709851056,-0.01912794334779668,-0.00012423356768531595,0.00012540454202372502,0.0008237651360380067,0.021298939614013964,0.04042688296181064
roll_avg_iris_y_interaction,500.0,-0.010549636818462159,0.009598195511118957,-0.06342458474238108,-0.014621311170192951,-0.007597666897476324,-0.0035044150316507735,-5.3092355659764564e-05,0.06337149238672131
